test/mean/1000/proposal/energy_w2,test/mean/1000/proposal/tica/2-Wasserstein,test/mean/1000/proposal/torus_wasserstein,test/mean/10000/proposal/energy_w2,test/mean/10000/proposal/tica/2-Wasserstein,test/mean/10000/proposal/torus_wasserstein,test/mean/100000/proposal/energy_w2,test/mean/100000/proposal/tica/2-Wasserstein,test/mean/100000/proposal/torus_wasserstein,test/mean/1000000/proposal/energy_w2,test/mean/1000000/proposal/tica/2-Wasserstein,test/mean/1000000/proposal/torus_wasserstein,test/mean/10000000/proposal/energy_w2,test/mean/10000000/proposal/tica/2-Wasserstein,test/mean/10000000/proposal/torus_wasserstein,test/mean/100000000/proposal/energy_w2,test/mean/100000000/proposal/tica/2-Wasserstein,test/mean/100000000/proposal/torus_wasserstein,test/mean/2000/proposal/energy_w2,test/mean/2000/proposal/tica/2-Wasserstein,test/mean/2000/proposal/torus_wasserstein,test/mean/20000/proposal/energy_w2,test/mean/20000/proposal/tica/2-Wasserstein,test/mean/20000/proposal/torus_wasserstein,test/mean/200000/proposal/energy_w2,test/mean/200000/proposal/tica/2-Wasserstein,test/mean/200000/proposal/torus_wasserstein,test/mean/2000000/proposal/energy_w2,test/mean/2000000/proposal/tica/2-Wasserstein,test/mean/2000000/proposal/torus_wasserstein,test/mean/20000000/proposal/energy_w2,test/mean/20000000/proposal/tica/2-Wasserstein,test/mean/20000000/proposal/torus_wasserstein,test/mean/200000000/proposal/energy_w2,test/mean/200000000/proposal/tica/2-Wasserstein,test/mean/200000000/proposal/torus_wasserstein,test/mean/5000/proposal/energy_w2,test/mean/5000/proposal/tica/2-Wasserstein,test/mean/5000/proposal/torus_wasserstein,test/mean/50000/proposal/energy_w2,test/mean/50000/proposal/tica/2-Wasserstein,test/mean/50000/proposal/torus_wasserstein,test/mean/500000/proposal/energy_w2,test/mean/500000/proposal/tica/2-Wasserstein,test/mean/500000/proposal/torus_wasserstein,test/mean/5000000/proposal/energy_w2,test/mean/5000000/proposal/tica/2-Wasserstein,test/mean/5000000/proposal/torus_wasserstein,test/mean/50000000/proposal/energy_w2,test/mean/50000000/proposal/tica/2-Wasserstein,test/mean/50000000/proposal/torus_wasserstein,data/test_sequences
5.74820613861084,0.6930055022239685,3.0644426345825195,10.582103729248049,0.6345490217208862,2.4125213623046875,2.796027421951294,0.5934087634086609,2.349318742752075,2.356558322906494,0.5767249464988708,1.9409656524658203,0.7558087706565857,0.5538432002067566,1.1043133735656738,0.40215837955474854,0.5170707106590271,0.8486989736557007,7.159914970397949,0.6688922643661499,2.829761743545532,6.803360939025879,0.6227606534957886,2.456422805786133,3.2572550773620605,0.5741024017333984,2.1545181274414062,1.8197920322418213,0.5799597501754761,1.886446475982666,0.5978096723556519,0.5380605459213257,1.0754259824752808,0.2969919443130493,0.512794017791748,0.7935221195220947,9.004090309143066,0.6511806845664978,2.4406046867370605,3.697394847869873,0.6225925087928772,2.498375654220581,1.662736177444458,0.5813680291175842,2.0213935375213623,0.488800436258316,0.559855580329895,1.6940206289291382,0.4534087777137756,0.5116314888000488,0.654970645904541,HYGW
4.4334797859191895,0.819771409034729,2.808687448501587,4.441992282867432,0.7907140851020813,2.3029417991638184,0.8567373156547546,0.788159191608429,2.1083264350891113,1.4074513912200928,0.6123006939888,0.9664063453674316,0.9407806992530824,0.6622040867805481,1.3159794807434082,0.5472092032432556,0.8479799032211304,0.8740988969802856,3.2810680866241455,0.8137294054031372,2.455798625946045,6.706240653991699,0.7900421619415283,2.2170472145080566,1.161047101020813,0.7860952615737915,2.0046262741088867,1.283877730369568,0.6968997716903687,1.2793980836868286,0.766543984413147,0.5907953381538391,1.1496176719665527,0.4187051653861999,0.5502732396125793,0.6504859924316406,2.577472448348999,0.8028504848480225,2.4006104469299316,3.1376686096191406,0.785266637802124,2.1550304889678955,0.6638623476028442,0.7596983313560486,1.6091232299804688,0.4181172847747803,0.7505544424057007,1.5216915607452393,0.3328843116760254,0.3253060281276703,0.5962166786193848,SHKS
3.138918399810791,0.2575642168521881,2.2435197830200195,1.0609924793243408,0.2282337099313736,2.3051629066467285,2.138247489929199,0.22137507796287537,2.19492506980896,0.2734856903553009,0.2169407457113266,0.8237863779067993,0.4176037907600403,0.2054898738861084,0.5301713347434998,0.28863880038261414,0.04706655070185661,0.35726889967918396,2.825471878051758,0.2316758930683136,2.2218434810638428,4.732905387878418,0.2113729566335678,2.295766830444336,3.296309232711792,0.21787099540233612,2.1776628494262695,0.4131411015987396,0.2150577008724213,0.774456799030304,0.4137115478515625,0.15676628053188324,0.4030016362667084,0.18539710342884064,0.12796764075756073,0.46104896068573,3.730004072189331,0.23641912639141083,2.2141153812408447,2.534191131591797,0.21789050102233887,2.2175467014312744,1.6966193914413452,0.21955712139606476,1.6622021198272705,0.41255560517311096,0.21232931315898895,0.9649202823638916,0.2263190746307373,0.12307550013065338,0.5920519828796387,TAPF
15.398354530334473,1.1503089666366575,2.24634051322937,8.43089485168457,1.239522099494934,2.142273187637329,4.0691986083984375,1.247907042503357,1.5915682315826416,2.4248008728027344,1.2109311819076538,1.8287572860717771,1.1462798118591309,1.201596975326538,1.0671782493591309,0.4166772365570069,0.7423489093780518,0.7798241376876831,14.919042587280272,1.2020914554595947,2.2222900390625,7.804325580596924,1.229375958442688,1.9851486682891848,1.9354313611984253,1.2374120950698853,1.7988245487213137,1.537779450416565,1.2237133979797363,1.3751684427261353,0.9054802060127258,0.9176070690155028,0.9433024525642396,0.3675875663757324,0.21122078597545624,0.6196624636650085,8.945605278015137,1.240901231765747,2.212782144546509,6.221108913421631,1.2288779020309448,1.9617362022399905,2.557694435119629,1.2129848003387451,1.940109372138977,1.5641673803329468,1.2039047479629517,1.1435222625732422,0.702210545539856,0.8042675852775574,0.7174535393714905,WNMA
3.893104076385498,0.9104408025741576,2.966968774795532,4.331919193267822,0.8934279084205627,2.384269952774048,0.8856267929077148,0.9061437249183656,2.210062026977539,2.094552516937256,0.8766790628433228,1.9539912939071655,0.8165521621704102,0.835765540599823,1.18458354473114,0.6148884892463684,0.7971658706665039,0.8617878556251526,3.8724658489227295,0.885301411151886,2.7740421295166016,4.642361164093018,0.9032230973243712,2.095201253890991,3.6555349826812744,0.8683329224586487,1.639006495475769,1.500744342803955,0.867429792881012,1.9784517288208008,0.6178092956542969,0.8402723670005798,1.0786879062652588,0.4412059783935547,0.803738534450531,0.8345929980278015,4.083058834075928,0.8726329207420349,2.4312832355499268,3.0030171871185303,0.8988351821899414,2.214393615722656,2.8190863132476807,0.8771499395370483,1.8089826107025144,0.8833695650100708,0.8580883145332336,1.4558621644973757,0.3996202349662781,0.8166765570640564,0.8799797892570496,GDTI
5.451268196105957,0.8705947995185852,2.534048318862915,2.3464927673339844,0.8778380751609802,2.3243467807769775,2.4765448570251465,0.7878947257995605,2.2208523750305176,2.1393508911132812,0.8305879235267639,1.8040229082107544,0.4692602753639221,0.730261504650116,1.2490968704223633,0.21935626864433289,0.601712167263031,0.589905858039856,4.881251335144043,0.8753332495689392,2.402130603790283,2.7920141220092773,0.8380371928215027,2.3009138107299805,3.909037351608277,0.808544933795929,2.2568247318267822,2.1491377353668213,0.8347663879394531,1.7808325290679932,0.21082428097724917,0.6304454803466797,0.799965500831604,0.33961549401283264,0.5888882279396057,0.5215335488319397,2.0730745792388916,0.8827782273292542,2.382408380508423,1.8783551454544067,0.8339230418205261,2.313488483428955,3.8298842906951904,0.8248938918113708,2.0020580291748047,0.6732731461524963,0.8087615966796875,1.4134520292282104,0.1874671131372452,0.5842991471290588,0.4719609022140503,VPFY
10.613943099975586,0.9597898721694946,2.3095686435699463,0.8073070049285889,0.857462465763092,2.1499083042144775,1.7611677646636963,0.8496130704879761,1.812325119972229,0.2732868194580078,0.8615574240684509,1.2901136875152588,0.35366174578666687,0.8548337817192078,0.7231586575508118,0.2726111114025116,0.8495539426803589,0.6288953423500061,8.233329772949219,0.955016791820526,2.256483793258667,0.9674097299575806,0.8521783947944641,1.9904659986495972,2.0972323417663574,0.8499932289123535,1.696863055229187,0.4679546356201172,0.8659449815750122,0.7967210412025452,0.2419481575489044,0.8538869023323059,0.8200559616088867,0.349582701921463,0.711100161075592,0.5742615461349487,8.749995231628418,0.8780242800712585,2.1980719566345215,2.0700714588165283,0.8520461916923523,1.925870656967163,0.46915534138679504,0.8586539626121521,1.3125256299972534,0.2562845051288605,0.8553615212440491,1.1045114994049072,0.22845157980918884,0.8498517870903015,0.6198558807373047,KLLR
12.114870071411133,1.1089317798614502,2.848423957824707,15.44472599029541,1.1507657766342163,2.635800838470459,3.343904733657837,1.0375970602035522,1.3615336418151855,0.6712023019790649,1.0501766204833984,1.249994158744812,0.4194492101669311,0.544366180896759,1.0355883836746216,0.24492713809013367,0.5258098840713501,0.7425792813301086,11.663934707641602,1.1383211612701416,2.8588907718658447,13.06304168701172,1.1399632692337036,2.538170337677002,1.5952812433242798,1.0328046083450315,1.2764281034469604,0.2968619167804718,1.0583242177963257,1.363674521446228,0.30380845069885254,0.5940240025520325,0.8347048163414001,0.2908712327480316,0.5531136393547058,0.6313146948814392,15.196754455566406,1.1527700424194336,2.731663703918457,7.2015485763549805,1.1057449579238892,2.04783034324646,0.6445780992507935,1.0245842933654783,1.2773455381393433,0.4728230834007263,1.0457969903945925,1.3241755962371826,0.6330671310424805,0.6595462560653687,0.8465537428855896,QWNL
3.412008762359619,1.2802329063415527,1.0601844787597656,5.794519901275635,1.2524564266204834,0.8759378790855408,1.6595728397369385,1.2173848152160645,0.8926534652709961,2.0988001823425293,0.791449248790741,0.3828197717666626,0.33904585242271423,0.7658256888389587,0.43556416034698486,0.4368267655372619,0.477716326713562,0.30551546812057495,3.4425854682922363,1.269765853881836,1.058578372001648,0.7936239242553711,1.2621893882751465,0.9020882844924928,4.0630669593811035,1.157071590423584,1.0879069566726685,0.6499347686767578,0.6849098801612854,0.43510445952415466,0.9094093441963196,0.7121807336807251,0.45736050605773926,0.24139627814292908,0.30751386284828186,0.3152436316013336,4.0041961669921875,1.2439454793930054,1.029570460319519,1.1840858459472656,1.2500985860824585,1.232333064079285,4.58399772644043,1.165964961051941,0.6668067574501038,0.7788472175598145,0.8117116689682007,0.513120174407959,0.38940978050231934,0.5837507247924805,0.3357010781764984,ARIP
4.435245513916016,1.1213982105255127,1.9784735441207888,3.2911007404327393,1.1188814640045166,1.9868632555007937,1.1920166015625,0.9218765497207642,1.1428346633911133,1.167825698852539,1.0240885019302368,0.8396297097206116,0.6624890565872192,1.1207375526428225,0.528363823890686,0.3237030804157257,0.9373615384101868,0.4257407784461975,3.567444324493408,1.102541208267212,2.0765113830566406,4.370030403137207,0.9639580845832824,1.905609130859375,0.42889639735221863,0.9369581341743468,1.0440382957458496,1.3724236488342283,1.03307843208313,0.8216619491577148,0.33645913004875183,1.1194514036178589,0.514621913433075,0.21657027304172516,0.9043794870376588,0.42815300822258,3.139460325241089,1.1395736932754517,2.0493714809417725,5.7787675857543945,0.9040690660476683,1.847622036933899,1.5584458112716677,0.9717975854873656,0.7930567860603333,0.5343026518821716,0.9310343265533448,0.7001736760139465,0.2729418873786926,1.0681298971176147,0.4873383045196533,CIPQ
2.571836233139038,0.7917570471763611,2.188051462173462,2.6776700019836426,0.7142238020896912,2.018098831176758,2.595734119415283,0.693797767162323,1.9317110776901243,1.5065045356750488,0.6698647737503052,1.8771417140960691,0.36811596155166626,0.635873019695282,0.9882472157478333,0.23103338479995728,0.6333839893341064,0.7345053553581238,4.324500560760498,0.7389715313911438,1.9695582389831543,1.4062126874923706,0.7101729512214661,2.012558698654175,2.727292776107788,0.69615238904953,1.832818388938904,1.0723016262054443,0.6491982936859131,1.567296266555786,0.2901003360748291,0.6400989890098572,1.0394654273986816,0.2749577462673187,0.6342118382453918,0.692992091178894,3.1491239070892334,0.727848470211029,1.9758579730987549,2.6242635250091553,0.7007166147232056,1.9053378105163576,2.331840753555298,0.6849361658096313,1.8505444526672363,1.589799880981445,0.6333996057510376,1.141008973121643,0.20326124131679535,0.6324887275695801,1.126429319381714,EHQW
4.413195610046387,0.6295164823532104,2.9901344776153564,3.476186752319336,0.6067017912864685,2.8760745525360107,3.5296225547790527,0.5323318243026733,2.540048360824585,1.1896125078201294,0.28127339482307434,1.7175966501235962,0.3642577826976776,0.3082149624824524,0.7319063544273376,0.2295687049627304,0.41552814841270447,0.6301969289779663,4.393532752990723,0.6275466680526733,2.9440112113952637,4.157903671264648,0.5923802852630615,2.786688327789306,0.9282191395759584,0.4687460064888001,1.8791403770446775,0.9100993871688844,0.39174652099609375,1.696283221244812,0.4117492437362671,0.2541658878326416,0.7660620808601379,0.3062714636325836,0.21542493999004364,0.5261896252632141,5.065835952758789,0.5931615829467773,2.90565824508667,5.923515319824219,0.5645126700401306,2.758507251739502,1.233750581741333,0.4624038338661194,1.616767644882202,0.3033442497253418,0.3378991186618805,1.5270705223083496,0.43378013372421265,0.3441893458366394,0.8051047921180725,HQVS
5.123680591583252,1.015101194381714,3.148353576660156,1.1198101043701172,0.989915668964386,2.913022041320801,4.1279826164245605,1.0137689113616943,2.670794725418091,2.4592559337615967,0.969183623790741,1.9886568784713743,0.4737760722637177,0.48871833086013794,0.7006103992462158,0.2952526807785034,0.42755183577537537,0.6193482279777527,4.741896152496338,0.9817946553230286,3.1011953353881836,2.5478515625,0.9983375072479248,2.773234605789185,3.4062042236328125,1.0032408237457275,2.401798725128174,2.936819076538086,0.9614943861961364,1.4653425216674805,0.39181941747665405,0.4059791564941406,0.6677454710006714,0.8641248941421509,0.3570249676704407,0.6047428250312805,2.4900174140930176,1.0146695375442505,3.0952017307281494,3.606802940368652,1.0017750263214111,2.835414171218872,3.0626392364501953,0.9806249737739564,1.978063941001892,2.16560959815979,0.963503360748291,1.0410912036895752,0.20235753059387207,0.40321359038352966,0.6258071660995483,GGRS
5.5902628898620605,1.1468418836593628,2.861025333404541,5.741898059844971,1.085384964942932,2.617305040359497,12.660480499267578,1.0420982837677002,2.4601058959960938,1.353593349456787,1.1330621242523191,1.8764452934265137,1.1503187417984009,0.9131275415420532,1.58273184299469,0.5374183654785156,0.9953445196151732,0.931567132472992,4.355468273162842,1.1714489459991455,2.828925132751465,5.272897720336914,1.088910698890686,2.6015753746032715,8.418283462524414,1.0476120710372925,2.0199215412139893,0.7882465720176697,1.055004596710205,1.9277117252349856,0.7149924039840698,0.8214078545570374,1.0757495164871216,0.2369023710489273,0.4423993825912475,0.5046670436859131,5.652506351470947,1.1032350063323977,2.7908639907836914,11.698283195495604,1.04939866065979,2.4783835411071777,1.6328153610229492,1.098499774932861,1.7401505708694458,0.2987031638622284,1.0159121751785278,1.8498435020446775,0.4591732919216156,0.7671506404876709,0.6976757645606995,RLMM
10.052101135253906,0.5966099500656128,1.8354239463806152,2.387456178665161,0.5956400036811829,1.759757399559021,4.818224906921387,0.5707781314849854,1.549780011177063,0.5567541718482971,0.5717347264289856,1.1601881980895996,0.5432910919189453,0.5203226208686829,0.878661572933197,0.4845118224620819,0.7421593070030212,0.7246200442314148,5.804537773132324,0.6052193641662598,1.7990052700042725,3.3889763355255127,0.5716593265533447,1.6985841989517212,1.602480411529541,0.5729534029960632,1.3089126348495483,0.43119096755981445,0.5715353488922119,0.8507868051528931,0.3237054944038391,0.8346784114837646,0.8411259651184082,0.2067094594240189,0.7311461567878723,0.7023367285728455,2.5775675773620605,0.6088976860046387,1.8100403547286987,4.510225296020508,0.5786555409431458,1.5994929075241089,0.3006086051464081,0.576042115688324,1.4167026281356812,0.5780168771743774,0.4887368083000183,0.9931720495224,0.23293498158454895,1.023261785507202,0.9024585485458374,QAKR
4.054483413696289,0.6559696793556213,1.7970269918441772,3.1655094623565674,0.6399716138839722,1.9377323389053345,1.114458084106445,0.5940149426460266,1.5601705312728882,1.2470558881759644,0.5800046920776367,1.5278255939483645,0.3677961230278015,0.562593400478363,0.8018016219139099,0.5963315963745117,0.43568915128707886,0.6579133868217468,7.038378715515137,0.6392362117767334,1.856867432594299,3.1588728427886963,0.5979685187339783,1.6982122659683228,0.5104015469551086,0.6018441915512085,1.5236363410949707,0.3994237780570984,0.7358695268630981,1.554775953292847,0.4975498020648956,0.44651028513908386,1.0953785181045532,0.2458830028772354,0.4433565437793732,0.5298256278038025,1.865898370742798,0.6397561430931091,1.906327247619629,6.488262176513672,0.5917312502861023,1.564624905586243,1.7578679323196411,0.5849156975746155,1.5080326795578003,0.34043389558792114,0.8265350461006165,1.5508859157562256,0.4368769824504852,0.4428708255290985,0.7053232192993164,KKAP
15.34766960144043,0.9761170148849488,2.453641414642334,0.9421979188919068,0.8835203051567078,2.3292603492736816,1.3551161289215088,0.8854101300239563,2.2179126739501953,0.6436838507652283,0.811670184135437,1.1383156776428225,0.7089576125144958,0.7583140134811401,1.3306481838226318,0.2921020984649658,0.7618675231933594,0.6635226011276245,9.624346733093262,0.9382533431053162,2.4815995693206787,1.573862910270691,0.8750119805335999,2.321150541305542,1.142789363861084,0.8843052983283997,2.20821762084961,0.5550169944763184,0.8170859813690186,1.136058330535889,0.4289063215255738,0.7634085416793823,1.039523005485535,0.30550315976142883,0.7464280724525452,0.6729267239570618,1.54632830619812,0.9106404781341552,2.4557526111602783,1.391870379447937,0.8684800863265991,2.2378392219543457,0.9672082662582396,0.8889331221580505,1.2687464952468872,0.6715986132621765,0.7545174360275269,1.2181050777435305,0.3801821172237396,0.7810894846916199,0.8131211400032043,ITYL
3.3023123741149902,0.9862633347511292,2.6294496059417725,5.529124736785889,0.9820681810379028,2.54337215423584,3.402292013168335,0.8994980454444885,2.3358476161956787,3.1051998138427734,0.9097013473510742,2.141835927963257,0.22481893002986908,0.6849983930587769,1.0758306980133057,0.17246153950691223,0.6556308269500732,0.7415656447410583,3.558060646057129,0.994101881980896,2.6158158779144287,4.674986362457275,0.9781115651130676,2.363561630249023,2.9938719272613525,0.8998512625694275,2.2125043869018555,1.0599724054336548,0.724389374256134,1.653204083442688,0.4152950644493103,0.6616275906562805,1.3390552997589111,0.3568812310695648,0.654314398765564,0.7616443037986755,4.399747848510742,0.9882141351699828,2.587405204772949,5.925616264343262,0.9259498119354248,2.333815574645996,1.721827507019043,0.9171769022941588,2.1878886222839355,0.3029884994029999,0.9868404269218444,1.7308034896850586,0.20051182806491852,0.6677194833755493,0.8959571719169617,TMWC
5.625561237335205,0.893213152885437,3.1346187591552734,3.1921653747558594,0.8840951919555664,2.730793714523315,2.6684329509735107,0.8842995166778564,2.4777398109436035,0.9315685629844666,0.8971207737922668,1.4347646236419678,0.2206955254077911,0.9039442539215088,1.1823818683624268,0.5997698307037354,1.0037394762039185,1.0449516773223877,6.116191864013672,0.9016082286834716,3.084374189376831,5.02458381652832,0.9007800817489624,2.592435836791992,2.1551573276519775,0.8950241804122925,2.3001551628112793,1.664500713348389,0.8999783396720886,1.5050238370895386,0.2600911855697632,0.8975510597229004,1.160435676574707,0.7935625910758972,1.2758296728134155,1.2764484882354736,2.172351598739624,0.8716374039649963,2.918123245239258,1.0911226272583008,0.8814598321914673,2.5909276008605957,1.0654399394989014,0.8963344097137451,1.7970963716506958,0.4553322494029999,0.9018449783325196,1.2443749904632568,0.26733097434043884,0.8976953029632568,0.9663193225860596,FESD
11.59237289428711,0.8509767651557922,2.48964786529541,13.082893371582031,0.8360928893089294,2.416924953460694,6.07340669631958,0.8213101625442505,2.149595022201538,2.0917162895202637,0.7960399389266968,1.2723616361618042,0.7057937383651733,0.7955588102340698,0.7461715936660767,0.3065301775932312,1.3132801055908203,0.8606703281402588,12.557162284851074,0.8467791676521301,2.480384111404419,8.2485933303833,0.8226891160011292,2.32013201713562,3.167940139770508,0.8165754675865173,1.9802881479263303,0.5003852248191833,0.7954402565956116,0.9993107914924622,0.38923531770706177,0.792431116104126,0.6444088220596313,0.2471343129873276,0.9524263739585876,0.7123103737831116,11.61818790435791,0.8323505520820618,2.3631021976470947,6.555672645568848,0.820915937423706,2.134554862976074,2.699061155319214,0.8069128394126892,1.7934801578521729,0.6915249824523926,0.7932170629501343,0.8829778432846069,0.6176016330718994,2.1325972080230713,1.2611746788024902,DMTL
4.449592113494873,0.9959803223609924,2.6430466175079346,3.545140027999878,0.9108554124832152,2.372730255126953,1.552155613899231,0.9255937337875366,1.8443937301635744,2.001739501953125,0.9200875163078308,1.9008139371871948,0.4035629630088806,0.9242646098136902,1.5510048866271973,0.3279220163822174,0.9211605191230774,0.6880691647529602,7.015348434448242,0.9804116487503052,2.47707200050354,1.7854934930801392,0.91479754447937,2.3276267051696777,1.1287479400634766,0.9079060554504396,1.8245303630828855,0.7037050127983093,0.919234335422516,1.7852708101272583,0.503105103969574,0.9080325961112976,0.9228224754333496,0.3684094250202179,0.779026985168457,0.8386459350585938,8.498197555541992,0.9052070379257202,2.36326003074646,1.5149036645889282,0.9177935123443604,2.3390586376190186,2.6536920070648193,0.9188411235809326,2.101670265197754,0.42101526260375977,0.923430323600769,1.7546006441116333,0.15061995387077332,0.9181209206581116,0.7932058572769165,SVND
20.46250343322754,0.9214380383491516,3.0992636680603027,15.825933456420898,0.9174474477767944,2.8258566856384277,5.3130903244018555,0.8465403914451599,2.6737632751464844,0.4920029044151306,0.8672139048576355,1.0508042573928833,1.2745745182037354,0.8881261944770813,1.3797247409820557,0.28772062063217163,0.7280563116073608,0.8145591616630554,17.856271743774414,0.9203617572784424,2.9490857124328613,7.8137431144714355,0.9246488213539124,2.8058114051818848,2.335495948791504,0.844082772731781,2.2882323265075684,0.7703362107276917,0.8782026171684265,1.2361232042312622,0.5529963970184326,0.8864217400550842,1.3820364475250244,0.35706621408462524,0.7578943371772766,0.8557119965553284,15.863781929016112,0.9077505469322203,2.8183979988098145,4.127039432525635,0.9186404943466188,2.783390760421753,2.6136584281921387,0.8540230989456177,1.2257122993469238,0.5428494811058044,0.8838867545127869,1.360053300857544,0.3414347767829895,0.8614468574523926,1.0403615236282349,KRWN
6.650445461273193,0.9193242192268372,3.000730037689209,5.537442684173584,0.8709436058998108,2.367896556854248,3.940957546234131,0.8895756602287292,1.8985692262649536,0.7744780778884888,0.8942014575004578,1.1861040592193604,0.27656713128089905,1.7135276794433594,1.1446467638015747,0.3052261471748352,1.2776591777801514,0.8212575912475586,4.5861663818359375,0.91345876455307,2.9465243816375732,2.920393228530884,0.8736644983291626,1.8289915323257449,2.9733638763427734,0.8862501382827759,1.820873975753784,0.9159176349639891,0.885952353477478,1.3735662698745728,0.9211972951889038,3.3353655338287354,1.7680662870407104,0.3417309820652008,0.8119521737098694,0.6387693285942078,5.090968608856201,0.890106737613678,2.7807729244232178,6.073124408721924,0.8834360241889954,2.00394058227539,0.7659395337104797,0.8865299224853516,1.1340128183364868,0.6197603940963745,0.8905519247055054,1.2547857761383057,0.48787030577659607,2.252756357192993,1.2894457578659058,DEMT
5.344590663909912,0.7592032551765442,3.3123183250427246,5.782679080963135,0.6667870879173279,3.1799304485321045,0.884086549282074,0.6280921101570129,2.3755736351013184,0.4583050310611725,0.6322295069694519,2.06200647354126,0.29872092604637146,0.6361383199691772,0.9660512804985046,0.3412449359893799,0.6372181177139282,0.6150452494621277,5.786591053009033,0.6837602257728577,3.3529813289642334,3.622154712677002,0.6466364860534668,2.661747932434082,1.6384131908416748,0.6038200259208679,1.8510547876358032,1.1529710292816162,0.6282719969749451,1.900896430015564,0.29974696040153503,0.6395108699798584,1.1593031883239746,0.3480469882488251,0.6410753726959229,0.6056250929832458,7.84045934677124,0.6597347259521484,3.257858991622925,2.7891860008239746,0.6280019283294678,2.586638927459717,1.4612305164337158,0.6213597059249878,2.2900054454803467,0.6173263788223267,0.6336618065834045,1.188154697418213,0.2675670087337494,0.642731249332428,0.7446243166923523,CCVH
11.048213005065918,0.8706409335136414,2.805903673171997,2.249643087387085,0.795495867729187,2.536383867263794,0.8539062142372131,0.7704232335090637,2.173924684524536,0.35974395275115967,0.7759352326393127,1.5811707973480225,0.41984185576438904,0.7715643644332886,1.3241257667541504,0.26126790046691895,0.4741365611553192,0.7685214877128601,4.426881790161133,0.8406034111976624,2.813591718673706,3.03151273727417,0.7823236584663391,2.3825418949127197,0.35802504420280457,0.7648418545722961,1.880352020263672,0.6259979009628296,0.7723469138145447,1.685948371887207,0.5033865571022034,0.7727809548377991,1.1126594543457031,0.2388118952512741,0.5386598706245422,0.6391840577125549,0.993981122970581,0.7990288138389587,2.6710546016693115,0.4870705306529999,0.7663740515708923,2.28696608543396,0.37338265776634216,0.7726454734802246,1.681740641593933,0.5028464198112488,0.7637062668800354,1.2770469188690186,0.25758734345436096,0.7774778604507446,0.927837371826172,NCFG
11.761786460876465,1.3797659873962402,3.1313321590423584,8.408772468566895,1.040444016456604,2.529834747314453,0.6629812717437744,0.9852350950241088,2.441382646560669,0.6971811652183533,0.9937413334846495,2.460378885269165,0.5854198336601257,0.9640631079673768,1.1718714237213137,0.23929838836193085,0.9787700176239014,0.7807185649871826,11.452641487121582,1.3001089096069336,3.0783421993255615,5.606679916381836,0.9829989671707152,2.512542963027954,0.9350000619888306,0.9914819598197936,2.4539270401000977,2.2632858753204346,0.9788441061973572,2.4743669033050537,0.3059244155883789,0.98043954372406,0.9844446778297424,0.3697839975357056,0.9796629548072816,0.6928178071975708,7.898538112640381,1.1111758947372437,2.7503628730773926,2.257681131362915,0.9845266938209534,2.4263205528259277,0.3954446613788605,0.991001307964325,2.464639186859131,1.659218668937683,0.9530085325241088,2.251558542251587,0.6283330917358398,0.989689826965332,0.761192262172699,PQIF
9.98130702972412,0.7327902913093567,2.9680144786834717,7.492245674133301,0.6526584625244141,2.560671091079712,5.964540958404541,0.6049433946609497,2.434018611907959,3.2534961700439453,0.6149061322212219,1.351633906364441,0.3839618265628814,0.6289482116699219,1.0568419694900513,0.2057502120733261,0.6230828166007996,0.548871636390686,6.512368679046631,0.7077917456626892,2.7687535285949707,9.125612258911133,0.6411763429641724,1.9733198881149292,3.837463617324829,0.6230762600898743,2.4697656631469727,2.860135793685913,0.6258137822151184,1.5610244274139404,0.3313775360584259,0.6260743141174316,0.7723959684371948,0.1563282310962677,0.6260290145874023,0.5717089772224426,5.597605228424072,0.6715086102485657,2.670128107070923,11.436869621276855,0.606370210647583,2.290020704269409,3.460440874099731,0.6402677893638611,2.5063955783843994,0.9836143851280212,0.6327254772186279,1.1523000001907349,0.37474483251571655,0.6252185106277466,0.6169694662094116,NEVI
3.68610405921936,1.0077881813049316,3.250084161758423,2.2587602138519287,1.012223720550537,2.715987205505371,0.3635178506374359,1.0317041873931885,1.9470912218093872,0.38686466217041016,1.0298502445220947,1.4188615083694458,0.4072133004665375,1.03080153465271,0.8759732842445374,0.21332113444805145,0.8808735013008118,0.8124106526374817,3.096060037612915,0.9986414313316344,3.0839130878448486,3.351816177368164,1.0370450019836426,2.1700546741485596,0.8839477300643921,1.0167107582092283,2.090820074081421,0.6386561989784241,1.0259730815887451,1.172299027442932,0.2965451180934906,1.02772855758667,0.9039327502250672,0.2918044328689575,0.9492796063423156,0.8081372380256653,2.6022117137908936,0.9946690201759338,2.800358533859253,2.0040128231048584,1.0463167428970337,1.4614685773849487,0.4275491237640381,1.0189365148544312,1.3177860975265503,0.4150860905647278,1.0246225595474243,0.9334112405776978,0.28414031863212585,1.0265834331512451,0.8645747303962708,GCDE
15.790724754333496,0.8724419474601746,2.740898609161377,10.102374076843262,0.879749596118927,2.342555046081543,2.1941184997558594,0.8255287408828735,2.1269798278808594,0.4349720776081085,0.8373878598213196,1.1357417106628418,0.348115473985672,0.8459272980690002,0.8698582053184509,0.149913027882576,0.9636537432670592,0.7585698962211609,10.51697063446045,0.8737866282463074,2.6630265712738037,11.048348426818848,0.9073073863983154,2.8547003269195557,1.3820483684539795,0.8241574168205261,1.788454294204712,0.3735239505767822,0.8393024802207947,1.355379343032837,0.32506662607192993,0.8509296178817749,0.731764554977417,0.2317785620689392,0.5189008116722107,0.5976786613464355,9.969144821166992,0.8818316459655762,2.344172477722168,5.820703983306885,0.8808073401451111,2.3501973152160645,1.2059420347213743,0.8266606330871582,1.5202184915542605,0.266353964805603,0.8431662917137146,0.834214985370636,0.2599508464336395,0.7644273042678833,0.7932380437850952,HEAV
9.264995574951172,7.122572422027588,3.921376228332519,11.268118858337402,6.691126346588135,3.7769534587860103,3.223797559738159,6.2680277824401855,3.7050013542175297,0.4882470369338989,6.755026817321777,3.591280221939087,0.37660759687423706,3.336524724960327,1.7586047649383545,0.22772356867790225,0.8357113599777222,0.6375952959060669,10.80911636352539,6.886890411376953,3.866138696670532,8.761870384216309,6.582864761352539,3.759941101074219,3.0190985202789307,6.14766263961792,3.63193678855896,1.1365134716033936,6.885664939880371,3.6378777027130127,0.8933120965957642,2.2514185905456543,1.42471182346344,0.5163983106613159,0.43367189168930054,0.6676775813102722,15.13715934753418,6.839263439178467,3.799729347229004,6.574118614196777,6.4647932052612305,3.717447519302368,0.7099865078926086,6.432639122009277,3.535693883895874,1.5156946182250977,4.905871868133545,2.6313788890838623,0.342729777097702,1.2760263681411743,0.7650381922721863,FYYY
11.634358406066896,1.0975162982940674,5.498197555541992,15.953496932983398,1.0489554405212402,5.049760818481445,12.079012870788574,1.0695799589157104,4.780696868896484,8.80221176147461,1.0377663373947144,4.374393463134766,0.6671937108039856,1.0675067901611328,2.003218412399292,0.6076341867446899,1.0647178888320925,1.2376642227172852,17.011123657226562,1.1009953022003174,5.4452595710754395,16.923612594604492,1.0533028841018677,5.019601345062256,9.142827987670898,1.0572839975357056,4.5822296142578125,5.064622402191162,1.0285173654556274,3.4707512855529785,0.2601606547832489,1.0667554140090942,1.5997343063354492,0.6801666021347046,1.0641604661941528,1.2755707502365112,17.898895263671875,1.110967040061951,5.215911865234375,13.030179023742676,1.0699663162231443,4.973649024963379,7.82642650604248,1.0472065210342407,4.436826705932617,1.170390248298645,1.0574976205825806,2.8942360877990723,0.327465683221817,1.0867726802825928,1.583439588546753,NPCLCYML
36.33509826660156,1.1486260890960691,5.220961570739746,25.855224609375,1.0957595109939575,5.27459716796875,17.786527633666992,1.1117160320281982,5.195004463195801,15.207112312316896,1.083386778831482,4.352116107940674,3.8960037231445312,1.110292673110962,4.480213642120361,2.3171186447143555,1.0520730018615725,2.727607011795044,37.825340270996094,1.145673155784607,5.223671913146973,23.358476638793945,1.082327365875244,5.231620788574219,18.860841751098633,1.1129120588302612,5.163304328918457,8.660167694091797,1.0887151956558228,4.318460464477539,4.323765754699707,1.0905942916870115,3.637924671173096,1.828066349029541,0.994316339492798,2.2991321086883545,29.60116195678711,1.124293088912964,5.265906810760498,20.34009552001953,1.0981788635253906,5.198300838470459,14.107563018798828,1.12018084526062,4.747043609619141,4.729151725769043,1.1133487224578855,4.618710517883301,1.1461821794509888,1.0705503225326538,2.7716376781463623,NKEKFFQH
27.601057052612305,1.205817461013794,5.840448379516602,15.141547203063965,1.1932576894760132,5.717778205871582,17.747217178344727,1.1615285873413086,4.824385643005371,3.9170467853546143,1.1871604919433594,3.540766716003418,0.9838196635246276,1.2314609289169312,2.537466526031494,1.1100624799728394,1.1842414140701294,2.139643669128418,26.563920974731445,1.191545009613037,5.737522602081299,21.25209045410156,1.1582411527633667,5.686461925506592,11.946922302246094,1.1519956588745115,4.5408172607421875,2.43245267868042,1.2048650979995728,3.6412949562072754,0.6781894564628601,1.2229597568511963,2.6352553367614746,0.7838843464851379,1.2020670175552368,2.072183132171631,17.712051391601562,1.2098764181137085,5.797979831695557,24.865474700927734,1.130717635154724,5.314496994018555,6.798604965209961,1.168042778968811,3.820375919342041,0.5924880504608154,1.227431297302246,3.3942482471466064,0.6980708241462708,1.1846375465393066,2.210312843322754,PGESTAES
8.691707611083984,1.3959500789642334,6.040091514587402,16.0043888092041,1.5240920782089231,5.588112831115723,8.521931648254395,1.581329107284546,5.093781471252441,4.628263473510742,1.6287204027175903,4.294204235076904,2.644806146621704,1.4014320373535156,2.9913389682769775,1.946945548057556,0.9820031523704528,2.157773971557617,10.688675880432127,1.400277853012085,5.9374799728393555,14.864974975585938,1.5556246042251587,5.273114204406738,6.123295783996582,1.5615850687026978,5.151307106018066,2.5479607582092285,1.654979586601257,4.009131908416748,1.433977127075195,0.9543352723121644,2.512777328491211,1.2326802015304563,0.8548807501792908,1.8962754011154177,13.848858833312988,1.47257661819458,5.78039026260376,9.724306106567385,1.572411060333252,5.085189342498779,6.923003673553467,1.5906455516815186,4.671979904174805,1.4851508140563965,1.729262113571167,3.4608824253082275,2.166926860809326,0.8957921862602234,2.1884236335754395,IFGWVYTG
23.31345558166504,1.1720919609069824,4.982853412628174,14.523219108581545,1.0774294137954712,4.851548194885254,12.309553146362305,1.0982279777526855,4.54982852935791,8.354269027709961,1.0748103857040403,3.295801877975464,0.6448723077774048,1.1340986490249634,2.0551905632019043,1.2547025680541992,2.035069227218628,1.97731351852417,22.074047088623047,1.1637040376663208,4.960832595825195,14.275871276855469,1.092663049697876,4.743282318115234,11.588255882263184,1.0932127237319946,4.134222984313965,4.1065673828125,1.085351586341858,2.74019193649292,0.7254196405410767,1.142366886138916,2.0911977291107178,0.42630013823509216,1.3957300186157229,1.682157278060913,17.260522842407227,1.1464252471923828,4.909426212310791,13.478391647338867,1.1017532348632812,4.95260763168335,10.08618450164795,1.0839636325836182,3.241013526916504,2.654703140258789,1.1042295694351196,2.2281301021575928,0.49394065141677856,2.9336109161376953,2.4265637397766113,NHQYGSDP
21.75179672241211,1.2819236516952517,5.413178443908691,26.31910514831543,1.1245883703231812,5.269294261932373,17.663070678710938,1.1257113218307495,4.818380355834961,11.05644989013672,1.1659969091415403,3.659644603729248,1.899747014045715,1.1617200374603271,2.296151876449585,0.62154620885849,1.20526385307312,1.6247289180755615,18.687294006347656,1.1889742612838743,5.324682712554932,24.122119903564453,1.1176708936691284,5.349427700042725,16.115324020385742,1.1530274152755735,4.916706085205078,6.070637226104736,1.140345573425293,2.7470109462738037,2.722475528717041,1.1738135814666748,1.977557897567749,0.6131143569946289,1.200839281082153,1.7081992626190186,19.6481876373291,1.184057116508484,5.292301654815674,24.576435089111328,1.1218310594558716,4.927867889404297,10.781054496765137,1.1646918058395386,4.207350254058838,3.636049270629883,1.143955945968628,2.5039703845977783,0.9871291518211364,1.203842043876648,1.6518291234970093,MWNSTEMI
7.996944904327393,1.2311185598373413,5.326372146606445,9.797445297241213,1.2223882675170898,5.013144016265869,11.984724044799805,1.1860857009887695,4.838543891906738,2.498621940612793,1.1944246292114258,4.049851417541504,0.5163164734840393,1.2035433053970337,3.1419200897216797,4.165624618530273,3.02869176864624,3.6160998344421382,6.559709548950195,1.223010540008545,5.225066184997559,8.176202774047852,1.1891469955444336,4.972904682159424,9.26982879638672,1.1966660022735596,4.205857276916504,2.5884809494018555,1.199126362800598,3.8634536266326904,1.101431369781494,1.0230519771575928,3.0017025470733643,2.321807861328125,2.360531806945801,2.8112940788269043,7.34645414352417,1.2114750146865845,5.101587295532227,9.773948669433594,1.1909544467926023,4.921630859375,6.919279098510742,1.2047468423843384,3.8750176429748535,1.213677167892456,1.212602138519287,3.307384490966797,4.005171775817871,2.771217107772827,3.3051583766937256,ISKCKNGE
11.653589248657228,1.2014445066452026,6.352071762084961,16.329566955566406,1.1960572004318235,6.07778263092041,24.48301887512207,1.209323763847351,5.230031967163086,8.295377731323242,1.372546672821045,3.9864401817321777,2.839808702468872,1.2001980543136597,2.9941256046295166,4.26045036315918,1.4251216650009155,3.378019332885742,10.744423866271973,1.1785038709640503,6.291656017303467,19.20210075378418,1.1821448802947998,5.984527111053467,20.90673065185547,1.227138638496399,5.045378684997559,5.454718112945557,1.3143935203552246,3.2772161960601807,2.5958480834960938,1.1364877223968506,2.8889267444610596,2.479185104370117,1.2754125595092771,2.75056529045105,14.582691192626951,1.1998488903045654,6.204984664916992,23.023344039916992,1.1809196472167969,5.561527252197266,14.18215274810791,1.3234961032867432,4.381755828857422,3.619351625442505,1.148781180381775,2.5170934200286865,2.5170342922210693,1.322919249534607,2.993203639984131,PLFHVMYV
6.420327186584473,1.1417174339294434,5.724734783172607,4.095241546630859,1.087306022644043,5.371761798858643,5.119545936584473,1.0417239665985107,5.16888952255249,4.570113658905029,1.0705010890960691,3.384981155395508,2.1485002040863037,1.0859264135360718,2.38315749168396,0.48278146982192993,1.051953911781311,1.8838526010513303,5.974139213562012,1.1243218183517456,5.681761264801025,4.5684494972229,1.0497623682022097,5.209958553314209,9.17866039276123,1.0341391563415527,4.5025224685668945,4.422659397125244,1.085172176361084,3.1027750968933105,2.207139492034912,1.0737394094467163,2.0861217975616455,0.33416447043418884,1.8328486680984497,2.0019171237945557,6.111172676086426,1.118858814239502,5.523991584777832,2.278649091720581,1.0496692657470703,5.166599750518799,7.658533573150635,1.0508182048797607,3.5247726440429688,2.027456283569336,1.0830868482589722,2.682175874710083,0.6666997075080872,1.07269549369812,1.962806224822998,CLCCGQWN
29.056907653808594,1.0273157358169556,6.259171009063721,15.941849708557127,1.0138696432113647,6.032312393188477,10.45102310180664,1.0112217664718628,4.789776802062988,10.27327823638916,1.0013903379440308,4.098475933074951,2.0040440559387207,1.0362359285354614,2.782900810241699,0.28511032462120056,1.0415875911712646,1.5935205221176147,22.125709533691406,1.0326615571975708,6.2201056480407715,17.171884536743164,1.0191810131072998,5.643477439880371,9.523205757141112,0.9818726778030396,4.62374210357666,4.763653755187988,1.009185791015625,3.275498628616333,1.020378828048706,1.0270413160324097,1.9490596055984497,0.4190016984939575,1.0363363027572632,1.5322259664535522,20.47748374938965,1.0129355192184448,6.004332542419434,10.46342945098877,1.013911247253418,4.938926696777344,12.94614315032959,0.995184063911438,4.531435489654541,2.557933568954468,1.0214627981185913,2.7831475734710693,0.46248742938041687,1.038670539855957,1.6343904733657837,DGVAHALS
14.423033714294434,1.237154483795166,4.8307600021362305,23.2574520111084,1.1830220222473145,4.768426895141602,12.733051300048828,1.1723870038986206,4.953000068664551,12.28238582611084,1.3838239908218384,4.8467183113098145,11.553372383117676,1.1535948514938354,3.79484748840332,1.0991029739379885,1.228203058242798,1.7130388021469116,13.621223449707031,1.211811900138855,4.849330425262451,23.8543643951416,1.193090558052063,4.789015769958496,12.784032821655272,1.2278364896774292,5.0005340576171875,11.630916595458984,1.348340392112732,4.761939525604248,5.397933006286621,1.0923205614089966,2.843907117843628,0.49064502120018005,1.5151292085647583,1.8320082426071167,21.033931732177734,1.1877520084381104,4.810563087463379,19.880123138427734,1.1801637411117554,4.878817558288574,12.480603218078612,1.3444172143936155,5.084987163543701,11.758760452270508,1.2429503202438354,4.166468620300293,2.158164978027344,1.106107234954834,2.2657907009124756,EKYYWMQT
7.831642150878906,1.275509476661682,5.254958629608154,8.732451438903809,1.237297534942627,5.042514324188232,15.38333225250244,1.145829439163208,4.497262001037598,13.30087661743164,1.122793197631836,3.782912492752075,0.6086640357971191,1.1597716808319092,1.6330631971359253,0.4414554238319397,1.1555848121643066,1.5115187168121338,7.519285678863525,1.2743350267410278,5.144555568695068,13.41519546508789,1.1488122940063477,4.906561374664307,15.94217586517334,1.1438004970550537,4.39153528213501,5.86159610748291,1.136447191238403,2.8995702266693115,3.019667387008667,1.1384391784667969,2.2561802864074707,0.5017592906951904,1.1600486040115356,1.4218894243240356,5.231515884399414,1.2584011554718018,5.122125148773193,12.860852241516112,1.160319447517395,4.8988518714904785,16.654508590698242,1.134687900543213,4.2930450439453125,1.7375410795211792,1.150587558746338,2.0259435176849365,0.9374081492424012,1.1484798192977903,1.6030446290969849,GNDLVTVI
14.77207088470459,0.9596070051193236,5.793505668640137,14.267329216003418,0.944201648235321,5.026122570037842,15.3781099319458,0.9150837063789368,4.26150369644165,5.895270347595215,0.885496973991394,3.38004732131958,1.0101863145828247,0.9136142134666444,1.417754292488098,1.3093750476837158,0.8554040193557739,1.4247902631759644,12.219101905822754,0.944230318069458,5.59182596206665,20.080135345458984,0.9502444863319396,4.922547340393066,12.74659538269043,0.89142245054245,3.773504257202149,1.5436311960220337,0.8853406310081482,2.4781405925750732,0.850745439529419,0.921252191066742,1.711944341659546,1.08193838596344,0.8705804347991943,1.3099299669265747,8.034689903259277,0.9406399726867676,5.250607490539551,19.813480377197266,0.9652315974235536,4.663418769836426,7.140652656555176,0.8908788561820984,3.1875908374786377,2.1327896118164062,0.9115005731582642,2.2311267852783203,0.8976504802703857,0.891084611415863,1.7097352743148804,MAPQTIAT
6.578896522521973,2.3062124252319336,4.929864406585693,5.874385833740234,2.369421005249023,4.956075191497803,10.60520076751709,2.386211633682251,4.665699005126953,9.9766845703125,2.427976369857788,3.732179880142212,2.2886900901794434,2.90006947517395,4.544849872589111,0.9255733489990234,1.849168300628662,2.9574320316314697,7.358363628387451,2.313800096511841,5.056577682495117,7.309504985809326,2.3878440856933594,4.9062089920043945,11.59213161468506,2.3795530796051025,4.2035369873046875,7.327245712280273,2.7038402557373047,4.105786323547363,1.6604865789413452,2.6392016410827637,3.978543281555176,1.2371729612350464,1.265680193901062,2.4864423274993896,7.691699504852295,2.3480875492095947,5.027245998382568,7.140939712524414,2.394942045211792,4.787565231323242,12.029601097106934,2.309465169906616,3.8822131156921382,2.6223020553588867,2.9130005836486816,4.6434326171875,1.495083570480347,2.390035390853882,3.6228935718536377,FWRVDHDM
21.34500503540039,1.1867834329605105,5.724815845489502,18.278053283691406,1.1357567310333252,5.530116558074951,10.434022903442385,1.1549732685089111,5.251510143280029,6.625234127044678,1.189238667488098,4.347507953643799,3.7000253200531006,1.044121026992798,3.3941659927368164,0.37439700961112976,0.9100756049156188,2.065838575363159,17.745479583740234,1.109403371810913,5.659755706787109,20.711204528808594,1.1269681453704834,5.484877586364746,12.308114051818848,1.159814476966858,5.26779842376709,5.680014133453369,1.190623760223389,4.202268600463867,2.4163155555725098,1.0470231771469116,3.2802770137786865,0.4251532554626465,0.9521315097808838,2.0982847213745117,18.91661071777344,1.1360219717025757,5.6045122146606445,10.813448905944824,1.132541537284851,5.224535942077637,9.90550136566162,1.173457384109497,4.7542524337768555,8.198317527770996,1.0962532758712769,4.1439409255981445,0.6131824851036072,0.9887778162956238,2.8463239669799805,CGSWHKQR
19.648683547973633,1.511322855949402,5.4088134765625,26.725505828857425,1.4714187383651731,5.280849456787109,26.727663040161133,1.4243378639221191,4.885135650634766,15.895249366760254,1.5041673183441162,4.093360424041748,13.172564506530762,1.7369673252105713,4.189431190490723,9.742380142211914,1.8405420780181885,4.171084880828857,21.579933166503903,1.5006103515625,5.2405242919921875,24.958703994750977,1.4335120916366575,5.18388557434082,21.536394119262695,1.339350938796997,4.590483665466309,15.706972122192385,1.558830976486206,3.980504751205444,9.419798851013184,2.083508014678955,4.321268558502197,8.295519828796387,1.8144941329956057,4.0521440505981445,22.919767379760746,1.4893009662628174,5.162694931030273,28.547409057617188,1.414402961730957,5.070437908172607,15.97913932800293,1.4308854341506958,4.26296854019165,17.36208152770996,1.5811152458190918,4.1367645263671875,8.214302062988281,2.306936502456665,4.379489421844482,KRRGFFLE
30.15839576721191,1.5413756370544434,5.593395709991455,22.404098510742188,1.4537526369094849,5.229199409484863,16.646974563598633,1.4181413650512695,4.825778961181641,10.706716537475586,1.1596801280975342,4.083919048309326,2.261474370956421,1.4617706537246704,3.778963565826416,1.417483925819397,1.1862516403198242,2.360672950744629,29.95627212524414,1.4896806478500366,5.505298137664795,21.06306266784668,1.443822741508484,4.987133502960205,16.50165557861328,1.3056050539016724,4.581238269805908,3.4432618618011475,1.1957850456237793,4.219758987426758,3.8418400287628174,1.5987118482589722,3.6097705364227295,1.016467571258545,0.6854072213172913,2.020004987716675,30.5004825592041,1.4547427892684937,5.380362033843994,15.745458602905272,1.444960594177246,4.915709018707275,10.251877784729004,1.1192270517349243,4.337619304656982,2.511411190032959,1.121462345123291,4.102911472320557,1.8519197702407837,0.9650112986564636,2.010753631591797,MYGRNCYM
30.792348861694336,1.2522481679916382,6.193645477294922,41.09787368774414,1.2401517629623413,5.479476451873779,25.80951690673828,1.2372043132781982,4.734820365905762,10.324482917785645,1.2783560752868652,2.8505401611328125,0.894439697265625,1.3580642938613892,1.8753517866134644,3.2134945392608643,1.5231683254241943,1.948520541191101,31.64947509765625,1.2010529041290283,6.073495388031006,39.28150939941406,1.237520456314087,5.450815677642822,21.5860538482666,1.248905062675476,4.398468971252441,3.954073667526245,1.3181065320968628,2.0311551094055176,1.5578856468200684,1.3583674430847168,2.234152317047119,2.935357570648194,1.7105191946029663,2.1603167057037354,36.781959533691406,1.2241467237472534,5.854050159454346,33.45809555053711,1.2285958528518677,5.461151123046875,15.729798316955566,1.2663251161575315,3.5756759643554688,0.6001709699630737,1.3510314226150513,1.9737343788146973,1.5266188383102417,1.360714077949524,2.065299272537231,IDHRQLKW
36.76009750366211,1.232903003692627,4.902437210083008,32.00459289550781,1.187409281730652,4.535332679748535,20.9317626953125,1.1745365858078003,4.221591949462891,13.78569221496582,1.239336609840393,3.310370683670044,1.9421355724334717,1.2159476280212402,2.030010223388672,0.3764025866985321,1.8582273721694944,2.4769678115844727,34.432861328125,1.209517478942871,4.968070983886719,27.61377716064453,1.176950216293335,4.459122180938721,21.289386749267575,1.1810539960861206,4.144641399383545,9.527396202087402,1.1905651092529297,2.668853759765625,1.1407285928726196,1.1360427141189575,1.8755989074707031,0.29047444462776184,1.2816362380981443,1.787948489189148,34.04185485839844,1.214788556098938,4.6332244873046875,24.691585540771484,1.1598199605941772,4.196906089782715,19.192777633666992,1.2048715353012085,3.8439011573791504,3.4275600910186768,1.2010270357131958,2.166691541671753,0.35327276587486267,1.9787228107452393,2.5179193019866943,MRDPVLFA
32.543304443359375,1.3383251428604126,5.302928924560547,35.20112609863281,1.26923668384552,4.973639488220215,18.140275955200195,1.2322899103164673,4.830928325653076,5.3151326179504395,1.2690796852111816,4.688501834869385,1.952973484992981,1.2984730005264282,2.6585123538970947,0.9351421594619752,1.3092246055603027,1.8592902421951296,35.04823684692383,1.3046903610229492,5.248693943023682,31.51980209350586,1.2298383712768557,5.1581621170043945,13.95387077331543,1.2422122955322266,4.6616010665893555,5.845179080963135,1.269585371017456,4.479172706604004,0.4439252018928528,1.3113892078399658,2.148857355117798,1.4297317266464231,1.319687843322754,2.1937665939331055,35.26834487915039,1.2944353818893433,4.959238052368164,25.718280792236328,1.2217035293579102,5.177775859832764,6.437441349029541,1.2620747089385986,4.749357223510742,2.649174213409424,1.2997132539749146,3.471385955810547,0.3514940142631531,1.3058953285217283,1.900975465774536,HWHSLICK
15.688061714172363,1.424954891204834,5.60453462600708,12.653051376342772,1.408414602279663,5.454787731170654,11.340599060058594,1.4180090427398682,5.378019332885742,8.413939476013184,1.5870648622512815,5.256320476531982,7.7109375,1.5929621458053589,4.721377372741699,1.7831438779830933,1.067562699317932,2.178297996520996,12.738019943237305,1.4152709245681765,5.519944667816162,6.778374195098877,1.4202592372894287,5.471301555633545,14.519320487976074,1.4954923391342163,5.34517765045166,8.61340618133545,1.6198495626449585,5.086038589477539,6.149199485778809,1.270321488380432,3.694889068603515,0.4025554656982422,1.095795512199402,1.7197920083999634,15.038330078125,1.4159785509109497,5.382380962371826,8.963155746459961,1.4417513608932495,5.3251543045043945,10.039953231811523,1.542264699935913,5.346579074859619,8.794681549072266,1.6578596830368042,5.200840950012207,2.7390694618225098,1.0937896966934204,2.898864984512329,PYIRNCVE
6.4888715744018555,1.1411831378936768,4.692624568939209,14.456134796142578,1.100153923034668,4.457814693450928,0.899843692779541,1.023107647895813,3.8203630447387695,0.516025722026825,0.8262695074081421,3.440645694732666,1.9818758964538576,0.8441718816757202,2.5361266136169434,1.377113699913025,1.6893514394760132,2.9448258876800537,4.1196608543396,1.132168531417847,4.610420227050781,5.238717555999756,1.0902472734451294,4.424124717712402,0.9915142059326172,1.061733603477478,3.7694849967956543,1.003459095954895,1.5810562372207642,3.625442743301392,1.7534314393997192,0.7595940828323364,2.2516543865203857,0.4752476215362549,1.2226921319961548,2.3063254356384277,9.906362533569336,1.1111351251602173,4.5852251052856445,3.1308441162109375,1.0024991035461426,4.107544898986816,0.3512903153896332,1.0947344303131104,3.517742156982422,4.304927825927734,1.1816327571868896,3.3403453826904297,1.515638828277588,1.6330609321594238,2.886181116104126,YFPHAGYT
16.2952823638916,1.4281834363937378,5.031308174133301,5.140322208404541,1.325522541999817,5.037625789642334,5.5159912109375,1.3268802165985107,4.7329301834106445,7.948683738708496,1.2992645502090454,4.27816104888916,4.168798446655273,1.2319092750549316,2.8271915912628174,1.392711162567139,1.2968220710754397,1.775780200958252,17.668960571289062,1.4289798736572266,4.976517200469971,2.8584704399108887,1.3324074745178225,5.005356788635254,4.85530424118042,1.3388832807540894,4.697066307067871,6.143557071685791,1.2239220142364502,4.456331253051758,2.489400863647461,1.2641611099243164,2.4222145080566406,1.330290675163269,1.262285232543945,1.869760274887085,11.727852821350098,1.4059069156646729,4.96978759765625,2.377662181854248,1.3396505117416382,4.788120746612549,8.314620018005371,1.3013216257095337,4.599751949310303,4.453713893890381,1.2071380615234375,3.5335450172424316,1.6738203763961792,1.317173719406128,1.7955803871154783,SPHKMRLC
5.597634792327881,1.2429667711257937,5.3438029289245605,11.93600082397461,1.268070101737976,5.0199480056762695,13.85669231414795,1.1642671823501587,4.070184230804443,10.4672212600708,1.1689954996109009,3.38659143447876,1.386806845664978,1.2199969291687012,2.400789976119995,0.3091023862361908,1.210439920425415,1.725509524345398,5.449726581573486,1.2424167394638062,5.279300689697266,18.20857810974121,1.2898709774017334,4.924666881561279,14.688521385192873,1.1592543125152588,3.8983585834503174,7.010042190551758,1.1886941194534302,2.9530367851257324,1.52510404586792,1.193095326423645,2.0980260372161865,0.379684716463089,1.2000689506530762,1.4008631706237793,8.262582778930664,1.236944317817688,5.177999019622803,14.741531372070312,1.241871953010559,4.447834491729736,13.876132011413574,1.1464171409606934,3.706584453582764,1.564942479133606,1.2104312181472778,2.710407972335815,1.824339747428894,1.187505125999451,1.9058250188827517,VWIPVIDT
5.9403886795043945,1.2536461353302002,5.322883605957031,4.725135803222656,1.1024128198623655,5.194622993469238,13.275900840759276,1.0806987285614014,4.490522384643555,7.4097113609313965,1.101430892944336,3.898240327835083,3.843700170516968,1.118158221244812,3.6466667652130127,0.7165466547012329,1.4652539491653442,2.150996208190918,6.168899059295654,1.1505826711654663,5.330923080444336,5.7076215744018555,1.1078065633773804,5.073853015899658,11.248684883117676,1.0806434154510498,4.374037742614746,5.160696029663086,1.1022790670394895,3.842920064926147,3.393537759780884,2.7127373218536377,3.4394567012786865,0.30927011370658875,1.0101048946380615,1.6726956367492676,4.4496636390686035,1.1072711944580078,5.307595252990723,9.609593391418455,1.0956588983535769,4.756860256195068,10.655278205871582,1.0890761613845823,4.379256248474121,4.806774139404297,1.1129153966903689,3.721453666687012,1.6915109157562256,2.074268341064453,2.6070311069488525,SQQKVAFE
11.778763771057127,1.3172305822372437,5.951406478881836,16.24506187438965,1.2685461044311523,5.717718124389648,17.33372688293457,1.2282484769821167,4.710398197174072,13.394827842712402,1.2184768915176392,4.326291084289551,2.294722318649292,1.2527921199798584,1.8810603618621824,0.5066205859184265,1.399520993232727,2.1992180347442627,14.946052551269531,1.3322468996047974,5.817927360534668,19.982833862304688,1.2219992876052856,5.730733871459961,15.913869857788086,1.214838624000549,4.530707359313965,11.456826210021973,1.2286826372146606,3.8300259113311768,0.7377652525901794,1.25555419921875,1.963352918624878,0.4464516043663025,1.331714153289795,1.82528817653656,18.429994583129883,1.294567346572876,5.700124740600586,19.89935874938965,1.2273775339126587,5.0161967277526855,14.128838539123535,1.2159520387649536,4.808000087738037,5.334193229675293,1.245601773262024,2.2711658477783203,0.4238666892051697,1.2705315351486206,1.9027782678604128,WTYAFAHS
31.596426010131836,1.5827959775924685,6.25420618057251,32.68988037109375,1.5202383995056152,6.124686241149902,21.489330291748047,1.5070626735687256,6.1385064125061035,19.16873359680176,1.4234914779663086,5.026426315307617,16.044862747192383,1.384912133216858,4.885691165924072,3.308692455291748,1.1709661483764648,2.624526023864746,31.340553283691406,1.6007134914398191,6.260672092437744,28.56890296936035,1.4624269008636477,6.046582221984863,25.430330276489254,1.5125731229782104,5.822693824768066,17.842639923095703,1.3846840858459473,4.872250556945801,15.224692344665527,1.3182014226913452,4.723484516143799,1.422634243965149,1.4391928911209106,2.6725637912750244,32.55293273925781,1.55438494682312,6.220752716064453,24.94607734680176,1.504557967185974,6.062880039215088,20.00394821166992,1.438671588897705,5.193971157073975,17.293485641479492,1.3838615417480469,4.8375654220581055,7.106978893280029,1.3790112733840942,3.10227370262146,PPWRECNN
36.083351135253906,1.4198343753814695,5.782590389251709,37.48406982421875,1.4010266065597534,5.701353549957275,21.548723220825195,1.3879306316375732,5.645205020904541,12.078377723693848,1.3577717542648315,5.11677885055542,2.7977216243743896,1.048166036605835,3.5146946907043457,2.224743127822876,1.5751498937606812,3.1078391075134277,40.53215408325195,1.4157366752624512,5.715326309204102,32.137046813964844,1.4085866212844849,5.704387187957764,19.59237289428711,1.39526104927063,5.539466857910156,5.573239326477051,1.359152913093567,4.463937282562256,2.019289493560791,1.343875527381897,3.6687917709350586,2.36340856552124,1.4787167310714722,2.3760006427764893,42.05097579956055,1.415331482887268,5.6775641441345215,29.205991744995117,1.3985902070999146,5.582967281341553,14.853199005126951,1.3856734037399292,5.435209274291992,1.991172432899475,1.3764119148254397,3.88752007484436,1.1461454629898071,1.8815308809280396,3.24950647354126,WDLIQFRQ
26.439945220947266,1.5428707599639893,5.615242004394531,26.438405990600582,1.4275072813034058,5.585943698883057,23.99944496154785,1.397144794464111,4.87020206451416,10.52234172821045,1.3080657720565796,3.517984628677368,7.583773136138916,1.4203978776931765,4.0985798835754395,0.39093461632728577,1.2876498699188232,2.098759174346924,24.783451080322266,1.491297960281372,5.611583232879639,27.458955764770508,1.3570785522460938,5.757019519805908,21.77437400817871,1.4141241312026978,4.679472923278809,6.354663848876953,1.3100175857543943,3.3468048572540283,3.940048933029175,1.323929786682129,2.992966651916504,0.5145248174667358,1.2923709154129028,2.057180404663086,22.24693298339844,1.4613754749298096,5.54361629486084,26.784656524658203,1.371795415878296,5.40585994720459,19.310762405395508,1.3214662075042725,4.082541465759277,4.543790340423584,1.4242736101150513,3.795893907546997,2.9751479625701904,1.3021191358566284,2.5531740188598633,DDRDTEQT
12.69836139678955,1.2017618417739868,5.182372570037842,10.181509017944336,1.116621494293213,5.409743309020996,16.680688858032227,1.087118148803711,5.254053115844727,10.279644966125488,1.1205992698669434,4.186421871185303,2.0839173793792725,1.1260181665420532,3.1538383960723877,0.9612143635749816,1.1374750137329102,1.9480501413345337,9.632108688354492,1.1837002038955688,5.211464881896973,14.752053260803224,1.0999515056610107,5.396191596984863,16.607830047607422,1.0973329544067385,4.850147247314453,5.912342071533203,1.1202538013458252,3.5337021350860596,0.9505833983421326,1.1352124214172363,1.9695948362350464,0.7751603126525879,1.1254630088806152,1.8950098752975464,6.830713272094727,1.106900930404663,5.269368648529053,16.282855987548828,1.0714761018753052,5.352372169494629,11.34175968170166,1.13541841506958,4.454331398010254,2.539987802505493,1.1331684589385986,3.343900680541992,0.5624863505363464,1.1393561363220217,1.6859604120254517,ANKSMIEA
